V1,UA_Name,UA_Country,UA_Continent,Housing,Cost of Living,Startups,Venture Capital,Travel Connectivity,Commute,Business Freedom,Safety,Healthcare,Education,Environmental Quality,Economy,Taxation,Internet Access,Leisure & Culture,Tolerance,Outdoors
0,Aarhus,Denmark,Europe,6.1315,4.015,2.827,2.512,3.536,6.31175,9.94,9.6165,8.70433333333333,5.3665,7.633,4.8865,5.068,8.373,3.187,9.7385,4.13
1,Adelaide,Australia,Oceania,6.3095,4.692,3.1365,2.64,1.7765,5.33625,9.39966666666667,7.926,7.93666666666667,5.142,8.33075,6.0695,4.5885,4.341,4.3285,7.822,5.531
2,Albuquerque,New Mexico,North America,7.262,6.059,3.772,1.493,1.4555,5.05575,8.671,1.3435,6.43,4.152,7.3195,6.5145,4.346,5.396,4.89,7.0285,3.5155
3,Almaty,Kazakhstan,Asia,9.282,9.333,2.4585,0,4.592,5.87125,5.568,7.309,4.54566666666667,2.283,3.85675,5.269,8.522,2.886,2.937,6.5395,5.5
4,Amsterdam,Netherlands,Europe,3.053,3.824,7.9715,6.107,8.3245,6.1185,8.83666666666667,8.5035,7.90733333333333,6.18,7.59725,5.053,4.955,4.523,8.874,8.368,5.307
5,Anchorage,United States of America,North America,5.4335,3.141,2.7945,0,1.738,4.71525,8.671,3.4705,6.06033333333333,3.6245,9.272,6.5145,4.772,4.9645,3.266,7.093,5.358
6,Andorra,Andorra,Europe,3.969,0,1,0,0.5,0,0,9.5535,0,0,7.256,0,4.475,7.186,2.132,8.7035,3.5885
7,Ankara,Turkey,Asia,9.928,9.125,3.9725,0,2.0475,5.291,5.94833333333333,7.425,6.91433333333333,2.0285,2.936,4.0935,4.3235,2.316,8.6385,4.4855,5.1465
8,Asheville,United States of America,North America,5.856,5.311,3.5405,0,1.2095,1.358,8.671,5.8525,6.72533333333333,3.6245,8.49325,6.5145,4.062,4.7875,5.063,7.7305,2.2655
9,Asuncion,Paraguay,South America,9.2265,9.295,2.207,0,0.645,4.96875,3.684,6.9345,5.48533333333333,0,3.969,4.109,8.4235,1.479,5.992,7.0515,3.4845
10,Athens,Greece,Europe,9.0525,6.5,4.404,2.325,3.707,5.21975,6.169,6.7585,7.153,3.1625,3.80225,3.32,4.1665,2.228,7.876,6.268,6.483
11,Atlanta,United States of America,North America,4.9755,5.241,8.835,7.257,5.2915,3.89775,8.671,2.6725,6.02333333333333,6.457,5.81775,6.5145,4.204,6.4805,7.7655,4.062,5.0095
12,Auckland,New Zealand,Oceania,4.72,4.47,4.588,2.79,1.3045,4.845,10,7.0215,8.16266666666667,5.0465,8.2725,5.5055,5.9315,6.85,4.396,7.402,5.862
13,Austin,United States of America,North America,4.3345,5.355,9.236,6.939,1.8515,4.3305,8.671,5.069,6.28166666666667,5.315,7.03075,6.5145,4.772,9.049,6.698,6.7895,3.909
14,Baku,Azerbaijan,Asia,9.745,9.806,2.6705,0,2.169,5.492,5.67166666666667,8.772,3.702,0,2.62125,3.8765,5.861,1.442,6.2195,6.5845,4.503
15,Bali,Indonesia,Asia,5,0,1.628,0,1.93,5.1935,3.91233333333333,8.7475,4.442,0.5275,4.13775,4.6575,6.266,3.2375,6.3335,4.559,7.5005
16,Baltimore,United States of America,North America,4.83,4.982,0,4.358,3.6665,4.93475,5.502,2.373,6.87066666666667,5.8805,5.7845,6.5145,4.062,4.988,0,5.755,3.9795
17,Bangkok,Thailand,Asia,7.3935,7.222,6.119,3.453,4.112,4.2935,5.60366666666667,7.0365,7.12666666666667,1.6915,3.37125,2.387,6.7945,4.8265,9.089,6.019,6.494
18,Barcelona,Spain,Europe,6.323,6.074,7.7585,5.655,5.806,5.69925,7.11966666666667,7.4075,8.40333333333333,5.029,3.6655,4.296,3.894,6.468,8.5915,7.4715,5.828
19,Beijing,China,Asia,6.173,8.101,4.872,9.562,7.0175,4.83675,3.81533333333333,7.066,6.42333333333333,7.971,2.0555,6.103,1.426,3.493,7.2685,2.822,4.9435
20,Beirut,Lebanon,Asia,6.6555,6.3,3.4095,0,1.3045,4.77275,4.329,6.833,6.15933333333333,1.0035,1.449,3.4345,8.2805,1.5905,3.3995,4.184,3.842
21,Belfast,United Kingdom,Europe,7.532,6.014,3.55,1.621,4.0985,5.28,8.992,7.679,8.16833333333333,4.6865,8.3775,5.438,5.9545,5.5955,4.957,5.9795,1.413
22,Belgrade,Serbia,Europe,9.2575,8.546,4.9095,2.333,2.1365,5.57825,5.384,6.6995,6.01033333333333,0.5,4.88325,1.638,4.1665,3.863,6.497,7.387,5.078
23,Belize City,United States of America,North America,4.6425,0,1.866,0,0.89,0,3.411,6.052,5.504,0,2.031,3.496,6.93,3.8075,1.0645,6.865,0.5
24,Bengaluru,India,Asia,9.811,10,10,8.973,4.064,4.00625,3.618,7.294,3.937,0.656,2.75575,5.5565,3.4145,2.841,3.2215,3.4845,2.385
25,Bergen,Norway,Europe,5.2295,1.805,2.207,1,3.2425,5.8875,9.63533333333333,7.7075,7.64666666666667,4.8395,7.53925,7.0735,4.752,6.537,4.4875,7.6145,4.3135
26,Berlin,Germany,Europe,6.395,5.524,9.085,7.82,7.025,6.196,9.07233333333333,7.2515,7.99066666666667,7.019,6.7715,5.3735,3.9035,4.678,8.881,7.1775,5.475
27,Bern,Switzerland,Europe,4.9225,1,2.6875,0,5.2635,5.19775,8.888,9.266,7.52033333333333,5.3455,9.2445,6.552,6.4285,6.1145,4.245,8.589,2.1225
28,Bilbao,Spain,Europe,6.888,5.638,2.668,0,4.1735,5.77475,7.11966666666667,8.7805,9.32066666666667,3.759,8.328,4.296,3.894,5.756,6.014,8.663,1.481
29,Birmingham,United Kingdom,Europe,5.9035,5.814,4.3575,2.541,5.845,5.4935,8.992,6.9465,8.29366666666667,5.0265,5.7385,5.438,5.9545,5.94,4.435,6.421,1.2675
30,Birmingham,United States of America,North America,6.5555,5.133,4.3575,1,1.4355,2.02075,8.671,1.776,6.541,3.6245,7.0375,6.5145,4.204,5.1605,5.3835,4.8815,1.266
31,Bogota,Colombia,South America,9.0275,9.08,5.7085,1.259,1.889,4.964,6.34866666666667,6.222,6.30166666666667,1.534,4.3475,4.5945,1.8515,2.976,6.215,8.5555,7.477
32,Boise,United States of America,North America,6.9635,6.578,4.205,2.596,1.3235,5.225,8.671,4.3605,6.79733333333333,3.6245,8.0695,6.5145,4.062,3.442,4.1995,6.9275,5.221
33,Bologna,Italy,Europe,7.472,5.189,3.1485,1.397,3.682,5.53,6.18966666666667,7.337,8.57766666666667,4.2025,5.46025,3.3625,2.4365,7.7105,5.736,7.618,1.5815
34,Bordeaux,France,Europe,7.1915,4.583,3.6915,0,4.876,5.54975,8.08833333333333,7.466,8.82333333333333,4.442,7.261,4.2045,2.648,3.875,5.3005,7.1265,2.8755
35,Boston,United States of America,North America,1,4.259,9.565,10,3.215,4.39625,8.671,7.742,6.729,8.6245,8.1705,6.5145,4.062,5.7005,8.564,8.4815,5.66
36,Boulder,United States of America,North America,3.704,4.531,5.853,6.019,4.207,6.138,8.671,7.0735,7.05033333333333,4.679,9.84375,6.5145,4.346,6.278,2.565,9.2745,6.699
37,Bozeman,United States of America,North America,2.949,0,3.407,0,1.1905,0,8.671,6.9145,6.515,4.128,9.369,6.5145,4.062,5.156,1.907,7.2935,6.134
38,Bratislava,Slovakia,Europe,7.8745,7.618,3.487,0,4.89,5.8115,6.18866666666667,8.618,6.752,3.2975,6.2,4.4705,4.937,4.5835,6.186,6.4325,4.8575
39,Brighton,United Kingdom,Europe,2.49,5.324,3.4095,0,8.322,5.5475,8.992,8.4715,7.71633333333333,4.906,8.24575,5.438,5.9545,4.7585,4.8695,8.17,4.898
40,Brisbane,Australia,Oceania,5.212,5.177,6.343,3.24,2.4345,4.61775,9.39966666666667,7.9035,8.31766666666667,5.921,8.82775,6.0695,4.5885,4.4075,4.01,7.4895,6.2565
41,Bristol,United Kingdom,Europe,5.216,5.242,4.113,3.593,4.89,5.44375,8.992,7.94,8.25166666666667,5.4615,6.47225,5.438,5.9545,6.478,3.8625,7.4395,4.538
42,Brno,Czechia,Europe,8.329,7.926,2.9155,0,2.601,5.82725,6.21266666666667,8.5655,8.09666666666667,4.2265,6.05525,4.378,5.9335,7.0205,5.3525,8.055,3.694
43,Brussels,Belgium,Europe,6.355,4.477,5.6915,3.374,7.4675,5.38675,8.877,6.703,8.15833333333333,6.653,4.591,4.8115,1.883,7.5715,8.144,6.481,4.123
44,Bucharest,Romania,Europe,9.1865,8.516,5.383,1.187,3.4955,5.0725,5.68166666666667,8.986,6.07533333333333,2.4475,3.41925,4.103,6.839,9.638,6.9595,8.6865,1.9675
45,Budapest,Hungary,Europe,8.5705,7.948,5.4935,2.804,4.4265,5.395,6.708,8.2185,5.746,3.693,5.2875,4.946,6.1075,6.759,8.253,7.228,5.112
46,Buenos Aires,Argentina,South America,8.812,7.764,4.673,2.31,3.77,4.9235,4.04533333333333,6.0395,6.979,1.422,4.869,2.884,1.568,1.5275,7.6735,8.584,4.5355
47,Buffalo,United States of America,North America,7.0765,5.228,3.947,2.715,1.511,2.154,8.671,7.1885,6.45733333333333,4.212,8.32925,6.5145,3.9205,6.758,4.32,7.404,4.6465
48,Cairo,Egypt,Africa,10,10,5.0985,2.958,3.7575,3.99025,5.79066666666667,6.791,4.041,0.5,1.1555,2.978,5.101,2.405,6.1855,2.65,0.5
49,Calgary,Canada,North America,6.495,5.418,5.9495,2.036,2.514,5.1575,8.966,7.923,8.02633333333333,5.555,8.1915,5.8405,7.2745,5.6705,4.268,8.1105,7.5045
50,Cambridge,United Kingdom,Europe,4.1055,4.851,5.253,3.284,6.8875,5.62775,8.992,9.5045,8.189,6.5545,8.0165,5.438,5.9545,5.8095,2.455,8.487,0.5
51,Cape Town,South Africa,Africa,6.7635,7.955,5.611,3.725,2.163,3.8425,4.732,5.328,4.343,0.8945,6.6085,2.768,5.151,5.6125,4.736,3.6605,6.7505
52,Caracas,Venezuela,South America,4.9025,9.82,3.0535,0,1.3235,4.54425,1,5.221,4.17833333333333,0,2.2725,1.978,4.18,1.6415,4.38,4.5505,4.0985
53,Cardiff,United Kingdom,Europe,7.065,6.082,3.3955,1.78,4.89,5.76475,8.992,8.21,8.31833333333333,4.7855,6.60725,5.438,5.9545,5.101,5.0285,7.996,4.8055
54,Casablanca,Morocco,Africa,8.822,9.088,3.0975,0,2.9145,4.26,5.61433333333333,6.7755,4.47,0,2.2555,3.1735,3.2995,2.067,2.683,2.945,3.9935
55,Charleston,United States of America,North America,4.637,3.567,4.92,2.011,1.399,4.62075,8.671,5.0555,6.77966666666667,3.6245,7.276,6.5145,4.062,6.093,6.595,5.771,5.0095
56,Charlotte,United States of America,North America,5.549,4.987,6.248,2.878,3.679,4.134,8.671,5.3475,6.43233333333333,3.6245,8.00925,6.5145,4.062,6.387,5.606,6.7895,1.3115
57,Chattanooga,United States of America,North America,6.782,6.121,3.9095,2.228,1.2095,0.797,8.671,4.468,6.243,3.6245,7.1515,6.5145,4.772,8.365,4.1625,4.7925,3.908
58,Chennai,India,Asia,10,10,7.104,3.782,4.208,4.842,3.618,7.837,4.07466666666667,0.5115,2.3945,5.5565,3.4145,6.8255,2.2275,4.55,4.198
59,Chiang Mai,Thailand,Asia,9.3725,8.495,1.783,0,1.6945,5.14125,5.60366666666667,8.4525,7.39366666666667,1.6875,3.981,2.387,6.7945,4.2865,6.8475,6.8715,3.088
60,Chicago,United States of America,North America,3.702,4.766,9.513,8.368,5.5075,4.57975,8.671,3.832,6.216,7.999,6.8045,6.5145,4.062,6.5995,8.193,6.134,5.4155
61,Chisinau,Moldova,Europe,9.6765,9.343,3.0535,0,1.6025,5.495,5.44333333333333,7.628,5.066,1.3995,4.33825,3.9765,6.2325,5.3615,2.712,6.647,3.121
62,Christchurch,New Zealand,Oceania,6.934,5.096,1.5355,0,0.8335,5.51775,10,7.585,8.31233333333333,4.756,9.2565,5.5055,5.9315,5.922,3.2235,8.4035,6.269
63,Cincinnati,United States of America,North America,6.6775,6.108,6.0995,2.709,1.9265,4.7435,8.671,4.975,6.346,4.2805,7.1095,6.5145,3.9205,6.512,6.118,5.299,3.6075
64,Cleveland,United States of America,North America,7.156,5.595,4.961,3.646,2.0775,4.42125,8.671,3.637,6.75566666666667,4.6185,7.2505,6.5145,3.9205,5.4765,5.6965,4.7755,4.669
65,Cluj-Napoca,Romania,Europe,9.165,8.794,3.4095,1.899,1.7625,5.876,5.68166666666667,9.4745,6.43433333333333,2.448,6.40075,4.103,6.839,8.6655,2.6275,8.624,4.255
66,Cologne,Germany,Europe,6.5265,5.607,5.1065,3.278,7.282,5.38175,9.07233333333333,6.6295,8.04,5.1035,6.48,5.3735,3.9035,5.666,5.3225,6.7115,5.289
67,Colorado Springs,United States of America,North America,6.4995,5.375,4.267,2.147,1.266,1.73525,8.671,5.3775,5.844,3.6245,8.5265,6.5145,4.346,5.9225,3.812,9.206,7.3565
68,Columbus,United States of America,North America,6.2895,5.746,5.8785,4.973,1.663,5.02675,8.671,5.2815,6.406,5.0475,8.166,6.5145,3.9205,4.5535,6.466,5.9215,4.545
69,Copenhagen,Denmark,Europe,4.227,3.426,6.207,4.467,6.3,6.2955,9.94,9.1525,7.98533333333333,5.301,8.27225,4.8865,5.068,7.2395,7.063,9.0955,4.671
70,Cork,Ireland,Europe,5.5145,4.902,3.9875,2.87,2.3615,5.50425,8.34566666666667,8.8395,7.42633333333333,4.879,8.01275,7.5145,6.255,9.144,2.5315,8.6305,0.5
71,Curitiba,Brazil,South America,9.4295,8.433,2.912,2.148,0.89,4.95025,2.781,5.9465,5.897,1.0165,7.75725,2.187,2.8525,3.142,7.1875,7.848,2.6655
72,Dallas,United States of America,North America,5.259,6.091,7.9395,4.916,4.7465,4.4705,8.671,4.339,6.08666666666667,4.284,6.693,6.5145,4.772,6.461,7.1685,5.294,4.502
73,Dar es Salaam,Tanzania,Africa,7.652,8.026,2.6875,3.191,1.4535,2.07575,3.28866666666667,6.1005,3.23866666666667,0,2.08025,5.5,4.497,1.11,1.205,2.7665,4.3535
74,Delhi,India,Asia,9.752,9.869,9.8285,9.099,5.642,3.71225,3.618,6.4185,3.71266666666667,0.512,2.203,5.5565,3.4145,3.588,5.683,3.116,1.1785
75,Denver,United States of America,North America,3.8375,5.102,7.8645,6.117,4.243,4.53,8.671,5.371,6.22033333333333,3.6245,7.11675,6.5145,4.346,5.4185,6.2235,7.8605,7.933
76,Des Moines,United States of America,North America,6.851,6.327,2.912,1.818,1.379,2.07225,8.671,6.984,6.709,3.6245,8.68225,6.5145,4.346,5.698,6.0665,8.4765,3.2995
77,Detroit,United States of America,North America,6.223,6.032,5.4015,5.184,3.6405,0.933,8.671,4.4615,5.78633333333333,5.8185,4.04675,6.5145,3.7785,6.167,7.478,3.678,5.3875
78,Doha,Qatar,Asia,2.1315,6.183,2.6875,0,2.6425,4.61625,7.40833333333333,9.486,7.43366666666667,1.4335,3.94175,9.39,10,3.245,4.6205,5.0625,4.437
79,Dresden,Germany,Europe,7.8845,6.028,2.4065,1.533,3.536,4.96,9.07233333333333,8.464,8.39366666666667,5.1245,8.11075,5.3735,3.9035,5.6035,6.6385,7.369,4.649
80,Dubai,United Arab Emirates,Asia,2.591,5.49,7.309,4.183,4.508,4.2285,8.037,9.172,6.392,2.28,6.0355,7.886,10,3.151,4.6705,5.4265,5.7985
81,Dublin,Ireland,Europe,2.5125,4.005,5.651,6.204,4.7615,5.44625,8.34566666666667,7.1215,6.81033333333333,5.6065,6.5015,7.5145,6.255,8.3435,7.1345,7.328,5.664
82,Dusseldorf,Germany,Europe,6.282,5.134,3.389,2.23,6.6695,5.283,9.07233333333333,8.166,8.00366666666667,4.3065,7.3755,5.3735,3.9035,5.666,4.664,7.8685,5.3585
83,Edinburgh,United Kingdom,Europe,5.845,5.114,4.109,3.337,5.185,5.9675,8.992,8.485,8.55233333333333,6.0925,7.763,5.438,5.9545,5.1755,7.2005,7.922,5.131
84,Edmonton,Canada,North America,6.7295,5.522,4.624,2.392,1.902,5.09725,8.966,7.1175,8.269,5.948,8.17575,5.8405,7.2745,4.61,3.974,7.9255,3.385
85,Eindhoven,Netherlands,Europe,6.252,5.125,3.5405,3.017,4.8075,6.03175,8.83666666666667,9.107,8.55933333333333,5.0805,8.805,5.053,4.955,7.659,4.3335,9.3425,4.628
86,Eugene,United States of America,North America,6.713,5.021,3.0865,1.964,1.192,5.627,8.671,6.1715,6.56666666666667,4.1735,8.231,6.5145,3.9205,4.756,2.956,8.9695,3.533
87,Florence,Italy,Europe,6.775,4.649,2.2275,0,4.306,6.02875,6.18966666666667,7.9725,8.16366666666667,4.058,6.009,3.3625,2.4365,4.4415,8.5035,6.7355,1.677
88,Florianopolis,Brazil,South America,9.0595,8.331,1,0,0.683,4.78775,2.781,6.525,5.433,1.0165,4.944,2.187,2.8525,3.185,5.33,7.6375,5.751
89,Fort Collins,United States of America,North America,2.7445,0,4.0435,0,1.102,2.0075,8.671,6.9355,6.831,4.1735,9.95325,6.5145,4.346,5.302,2.746,9.48,6.1865
90,Frankfurt,Germany,Europe,5.957,5.143,3.768,3.399,8.529,5.923,9.07233333333333,6.8375,7.70733333333333,5.2065,6.4755,5.3735,3.9035,4.079,6.492,7.0345,5.384
91,Fukuoka,Japan,Asia,4.01,0,1.484,1.79,6.1725,0,8.38966666666667,9.945,9.098,5.5275,7.916,3.7235,6.033,4.575,5.8605,7.259,5.6815
92,Galway,Ireland,Europe,6.2755,4.927,2.538,2.556,2.3615,5.68975,8.34566666666667,8.89,7.07,5.0075,7.51875,7.5145,6.255,7.6375,1.115,8.7005,3.7125
93,Gdansk,Poland,Europe,8.508,8.127,2.6875,0,2.8345,5.861,5.70433333333333,8.0405,6.85566666666667,4.6615,7.7945,4.7615,5.097,5.036,5.515,4.4785,5.025
94,Geneva,Switzerland,Europe,1.0775,1,4.692,3.089,5.8665,6.003,8.888,8.427,7.443,5.186,8.60175,6.552,6.4285,8.3785,5.244,8.6205,6.5535
95,Gibraltar,Gibraltar,Europe,1.112,0,2.842,1.566,0.758,0,0,9.3375,3.02333333333333,0,5.1835,0,2.913,4.296,2.235,4.4265,4.7565
96,Glasgow,United Kingdom,Europe,6.9285,5.623,3.505,1.182,6.1995,5.35225,8.992,7.496,8.81333333333333,5.3065,7.101,5.438,5.9545,4.253,4.671,6.943,3.741
97,Gothenburg,Sweden,Europe,6.725,5.046,3.1285,3.725,3.6575,5.96875,9.569,7.296,8.10166666666667,4.7775,8.58975,5.6945,2.7495,6.1925,4.0045,6.3645,4.5685
98,Grenoble,France,Europe,7.505,4.317,2.743,1.852,3.996,5.52575,8.08833333333333,5.8875,9.063,4.549,6.151,4.2045,2.648,3.758,3.1785,5.0505,4.646
99,Guadalajara,United States of America,North America,9.527,9.49,4.3445,0,1.7295,4.3455,5.765,6.472,7.03433333333333,1.2095,3.34325,3.5005,4.3335,4.0925,7.657,8.1575,3.4765
100,Guatemala City,United States of America,North America,8.8125,8.175,2.641,1.673,0.8145,0.52375,4.617,6.139,4.76366666666667,0,3.75775,3.805,8.505,2.506,5.1645,7.157,4.1335
101,Halifax,Canada,North America,6.895,4.943,3.624,2.284,1.57,5.40275,8.966,7.1885,7.88566666666667,5.42,7.6185,5.8405,7.2745,6.1235,3.942,7.8535,4.023
102,Hamburg,Germany,Europe,5.9445,4.904,5.794,4.197,5.685,5.8265,9.07233333333333,6.459,8.13,4.3065,8.124,5.3735,3.9035,5.5605,6.3525,7.163,5.088
103,Hannover,Germany,Europe,7.754,6,1,0,5.646,6.54975,9.07233333333333,7.3525,8.13366666666667,4.834,9.13125,5.3735,3.9035,5.666,3.5255,7.266,4.2665
104,Havana,United States of America,North America,9.089,7.608,1.4975,0,1.919,0,1.64333333333333,8.6335,6.99966666666667,0,3.86225,2.5495,0.5,1.703,2.07,8.7595,5.0225
105,Helsinki,Finland,Europe,5.396,4.121,5.683,5.507,4.7505,5.77925,9.45066666666667,8.674,7.95366666666667,5.4545,9.301,3.921,4.8785,5.1035,7.0545,7.5015,4.798
106,Ho Chi Minh City,Vietnam,Asia,8.618,8.844,4.93,1.739,2.08,5.1835,4.10166666666667,6.7675,5.54033333333333,4.1165,1.41975,4.8345,5.045,4.565,5.874,5.9435,1.2575
107,Hong Kong,Hong Kong,Asia,1,4.967,8.343,8.314,3.679,5.54025,9.29433333333333,9.3505,4.154,9.711,4.53325,6.4825,8.3805,6.2275,7.0585,7.152,5.796
108,Honolulu,United States of America,North America,2.3415,2.867,4.1335,0,1.983,4.16175,8.671,6.8565,6.431,4.2805,6.094,6.5145,4.204,6.158,7.623,7.774,5.9175
109,Houston,United States of America,North America,5.2245,6.162,7.9345,4.474,4.3385,4.03075,8.671,3.129,6.379,4.928,5.3045,6.5145,4.772,6.2485,7.144,5.34,5.386
110,Hyderabad,India,Asia,10,10,8.7245,3.585,3.841,4.632,3.618,8.1265,3.95733333333333,0,2.8405,5.5565,3.4145,5.54,4.271,4.1325,3.2085
111,Indianapolis,United States of America,North America,6.266,5.478,5.503,3.96,1.6815,4.85875,8.671,3.968,6.15133333333333,3.6245,6.1605,6.5145,4.062,5.8755,7.299,6.87,3.965
112,Innsbruck,Austria,Europe,6.708,4.732,2.1255,0,5.5695,6.374,7.596,8.273,7.88466666666667,4.33,7.366,4.663,2.666,5.0595,4.4245,8.4855,3.9635
113,Istanbul,Turkey,Asia,9.1375,8.787,6.9535,2.111,5.8355,4.06575,5.94833333333333,6.8935,6.84,2.1525,3.40475,4.0935,4.3235,3.5005,10,3.8925,5.7435
114,Jacksonville,United States of America,North America,6.45,5.359,4.3475,2.545,1.5675,1.40575,8.671,3.8255,6.199,3.6245,7.12025,6.5145,4.772,6.1575,5.6545,5.6785,5.013
115,Jakarta,Indonesia,Asia,8.671,8.471,5.6495,6.437,2.4885,3.64,4.02866666666667,7.0005,4.184,1.0275,2.48575,4.6575,6.266,4.499,8.146,2.0665,7.202
116,Johannesburg,South Africa,Africa,8.012,7.575,4.9375,1.467,3.203,3.91575,4.732,5.1655,3.64866666666667,0.7585,4.3255,2.768,5.151,2.8375,4.4015,3.6605,2.956
117,Kansas City,United States of America,North America,6.7075,5.844,2.794,3.538,1.869,1.9725,8.671,4.4225,6.44966666666667,3.6245,7.9765,6.5145,4.062,8.1885,6.6745,5.0205,4.1615
118,Karlsruhe,Germany,Europe,7.7645,5.294,2.994,1.299,4.7985,4.9055,9.07233333333333,6.858,8.412,5.2075,7.7675,5.3735,3.9035,4.5945,3.9865,8.337,4.5885
119,Kathmandu,Nepal,Asia,10,9.445,3.211,0,1.041,5.349,4.74033333333333,8.5055,4.116,0,1,4.496,5.513,2.201,5.039,9.129,3.798
120,Kiev,Ukraine,Europe,9.0845,9.817,4.0495,2.545,5.4875,5.16075,4.52533333333333,7.2555,4.851,0.5,3.6665,1.2755,5.478,6.0415,8.4195,6.827,5.349
121,Kingston,United States of America,North America,8.8955,5.937,2.648,0,0.8145,4.92675,6.56766666666667,5.5275,6.678,0,3.02025,1.8295,6.0735,4.4835,4.278,2.8435,3.346
122,Knoxville,United States of America,North America,6.9755,6.447,3.5165,0,1.379,1.943,8.671,5.1295,6.42166666666667,4.212,3.72325,6.5145,4.772,7.0925,4.4955,5.4025,1.7525
123,Krakow,Poland,Europe,8.4245,8.509,4.534,2.11,2.9285,5.629,5.70433333333333,8.5215,6.854,4.6625,4.802,4.7615,5.097,5.7875,7.84,4.592,4.3085
124,Kuala Lumpur,Malaysia,Asia,8.6635,8.238,5.542,4.245,3.562,4.37975,7.59733333333333,5.881,5.95033333333333,2.527,3.87,6.339,6.1265,5.4615,7.166,1.528,5.7385
125,Kyoto,Japan,Asia,3.765,0,1.3025,0,6.7945,2.5,8.38966666666667,10,9.07866666666667,6.241,6.435,3.7235,6.033,3.712,8.1535,7.663,1.6465
126,Lagos,Nigeria,Africa,7.767,9.098,6.4335,2.51,1.748,3.56475,3.25566666666667,5.9995,2.86233333333333,0,1.90725,5.061,6.2155,1.634,1.3585,1.406,3.8245
127,La Paz,Bolivia,South America,4.724,0,1.4975,0,1.319,3.83425,3.482,6.7505,4.316,0,1.73375,4.536,4.549,1.548,1.525,6.293,5.5
128,Las Palmas de Gran Canaria,Spain,Europe,8.232,7.717,1.5835,0,4.3235,0,7.11966666666667,9.1545,9.21433333333333,3.759,6.8605,4.296,3.894,6.1955,2.8145,9.7185,5.5375
129,Las Vegas,United States of America,North America,7.001,5.759,7.515,2.022,3.5285,4.8075,8.671,2.385,5.63533333333333,3.6245,5.5565,6.5145,4.772,5.3035,6.3685,7.275,5.385
130,Lausanne,Switzerland,Europe,4.0755,1,3.822,3.308,6.5145,5.85825,8.888,8.0325,7.352,6.622,8.80975,6.552,6.4285,4.146,4.222,8.4535,5.338
131,Leeds,United Kingdom,Europe,6.811,5.363,3.3605,4.423,6.595,5.10575,8.992,7.731,8.63366666666667,4.9825,5.922,5.438,5.9545,7.3295,3.7435,7.214,1.2955
132,Leipzig,Germany,Europe,8.177,5.911,2.7065,0,4.337,6.01375,9.07233333333333,7.277,7.30033333333333,4.3065,9.03275,5.3735,3.9035,5.6465,4.5265,7.1935,4.747
133,Lille,France,Europe,7.532,5.399,3.2585,2.381,6.02,2.29375,8.08833333333333,6.942,9.071,4.3935,4.2395,4.2045,2.648,3.827,5.1095,7.203,2.2925
134,Lima,Peru,South America,8.712,8.496,3.8835,1.65,2.012,4.759,5.00166666666667,5.2905,5.71066666666667,0.5,2.48075,3.1625,6.524,2.41,6.8085,6.0805,5.388
135,Lisbon,Portugal,Europe,6.734,7.004,6.022,3.194,4.191,5.31575,8.23866666666667,8.438,7.86033333333333,4.48,6.4115,3.483,4.1575,6.394,7.8335,9.597,5.691
136,Liverpool,United Kingdom,Europe,7.485,6.02,3.559,2.355,6.6495,4.541,8.992,7.7285,9.02766666666667,4.872,7.27525,5.438,5.9545,8.994,5.393,7.451,5.4585
137,Ljubljana,Slovenia,Europe,8.214,6.749,4.088,1.23,2.293,5.69875,7.67666666666667,8.953,7.67166666666667,4.852,8.66175,4.7205,4.81,5.4895,4.799,8.184,1.8225
138,London,United Kingdom,Europe,1,3.94,10,9.859,9.4025,5.3955,8.992,7.2435,8.018,9.027,5.54775,5.438,5.9545,5.8455,9.4555,6.573,5.3745
139,Los Angeles,United States of America,North America,1.5275,4.556,10,10,3.9585,3.677,8.57466666666667,5.705,6.02733333333333,8.6245,4.7315,6.5145,4.7675,5.4965,9.196,6.96,6.747
140,Louisville,United States of America,North America,7.258,6.358,4.254,2.293,1.473,1.954,8.671,3.6175,6.16233333333333,3.6245,6.60125,6.5145,4.062,5.527,5.6935,5.7785,1.3
141,Luxembourg,Luxembourg,Europe,2.453,3.411,3.3075,1.899,4.5805,5.8445,7.85666666666667,8.628,8.22033333333333,3.4795,8.57625,7.473,7.151,5.458,4.4955,8.8045,1.475
142,Lviv,Ukraine,Europe,9.778,10,4.204,0,3.7615,5.48525,4.52533333333333,7.822,4.87,0,4.82525,1.2755,5.478,5.056,7.0585,6.716,4.436
143,Lyon,France,Europe,6.697,4.349,4.4995,3.083,5.963,5.18525,8.08833333333333,7.1345,8.64166666666667,4.5805,6.54325,4.2045,2.648,9.403,5.9875,6.517,5.3735
144,Madison,United States of America,North America,5.8295,6.173,4.017,2.913,1.2295,5.47375,8.671,7.362,7.007,5.386,9.524,6.5145,4.204,4.9925,4.422,7.9005,4.376
145,Madrid,Spain,Europe,6.414,6.249,0,4.79,5.8555,5.28575,7.11966666666667,7.7925,8.91633333333333,4.2915,5.5655,4.296,3.894,6.241,9.338,7.665,6.22
146,Malaga,Spain,Europe,8.0515,7.375,2.4585,0,4.3605,5.78275,7.11966666666667,7.693,8.65566666666667,3.759,8.10825,4.296,3.894,6.1895,6.389,7.5005,5.784
147,Malmo,Sweden,Europe,7.263,5.57,3.645,2.683,4.7675,5.64675,9.569,6.598,8.215,3.893,9.2055,5.6945,2.7495,8.22,2.3445,5.304,4.524
148,Managua,United States of America,North America,4.7855,0,1.866,0,0.6075,0,4.60033333333333,7.7745,6.40366666666667,0,3.3405,3.9395,3.2545,1.177,1.837,9.239,1.4335
149,Manchester,United Kingdom,Europe,6.4555,5.049,5.7695,4.908,6.3975,4.728,8.992,6.7725,8.519,5.652,4.363,5.438,5.9545,5.814,4.975,6.677,3.676
150,Manila,Philippines,Asia,8.5955,8.752,4.805,3.547,2.6345,3.713,4.59233333333333,6.4345,4.29766666666667,0,1.683,5.0065,4.303,4.608,7.584,5.503,4.8255
151,Marseille,France,Europe,7.5885,6.026,3.3095,2.843,5.9505,5.86075,8.08833333333333,5.252,8.84366666666667,4.442,3.942,4.2045,2.648,5.5425,5.443,6.1735,5.1835
152,Medellin,Colombia,South America,9.2315,9.315,4.618,0,0.928,5.3545,6.34866666666667,7.477,6.79066666666667,1.531,6.17075,4.5945,1.8515,4.1485,5.029,9.302,3.662
153,Melbourne,Australia,Oceania,4.83,4.798,8.204,5.02,2.8465,4.872,9.39966666666667,7.1325,8.016,6.2205,7.8915,6.0695,4.5885,5.896,6.461,7.0005,6.203
154,Memphis,United States of America,North America,7.1145,5.829,4.4495,0,1.6615,1.9175,8.671,2.8585,4.95133333333333,3.6245,4.54525,6.5145,4.772,6.07,6.8605,4.0405,3.5695
155,Mexico City,United States of America,North America,8.36,9.244,7.48,2.634,2.87,3.806,5.761,5.464,6.38,1.713,2.50625,3.5005,4.3335,5.8405,9.962,7.089,3.914
156,Miami,United States of America,North America,3.031,4.497,8.0225,5.055,4.169,4.05275,8.671,4.321,6.031,4.3945,6.292,6.5145,4.772,5.824,6.7675,6.0435,5.3845
157,Milan,Italy,Europe,5.1945,4.801,5.1905,3.286,6.683,5.512,6.18966666666667,7.378,8.44466666666667,4.283,4.458,3.3625,2.4365,5.014,7.917,7.2195,5.641
158,Milwaukee,United States of America,North America,6.1225,5.526,4.8305,2.005,1.5875,4.915,8.671,4.267,6.08233333333333,4.177,7.989,6.5145,4.204,4.346,6.8375,4.844,5.064
159,Minneapolis-Saint Paul,United States of America,North America,4.7385,5.042,6.5265,5.523,3.544,4.925,8.671,5.085,6.681,5.2745,8.362,6.5145,4.062,6.2585,6.8505,7.288,5.096
160,Minsk,Belarus,Europe,9.4955,9.289,4.3785,0,3.7665,5.3655,5.59633333333333,9.038,5.51066666666667,0.5,7.04825,3.204,5.926,4.863,6.95,7.4215,4.906
161,Montevideo,Uruguay,South America,8.183,6.197,2.863,2.205,1.183,5.288,7.944,5.9735,6.655,1.69,4.545,4.416,4.8285,2.1785,4.9465,9.71,5.1785
162,Montreal,Canada,North America,7.392,5.948,8.1025,5.773,3.443,5.107,8.966,7.822,7.395,7.299,7.7215,5.8405,7.2745,4.478,6.9175,8.193,5.303
163,Moscow,Russia,Europe,6.555,8.099,5.053,3.705,9.0545,4.54625,5.38666666666667,7.478,4.763,4.5725,5.27475,3.148,6.017,6.571,8.8755,3.475,5.09
164,Mumbai,India,Asia,8.124,9.825,9.853,6.179,5.414,3.94,3.618,7.6185,3.80233333333333,0.5275,2.0965,5.5565,3.4145,3.429,4.9685,3.839,5.792
165,Munich,Germany,Europe,4.23,4.648,6.915,6.509,8.0565,6.014,9.07233333333333,9.049,8.371,7.5545,9.01825,5.3735,3.9035,5.155,7.336,8.4745,7.331
166,Nairobi,Kenya,Africa,8.8505,8.432,6.026,4.601,2.3145,4.069,3.24633333333333,5.972,3.59833333333333,0.5,3.19875,4.377,5.084,1.889,2.67,2.579,4.0495
167,Nantes,France,Europe,7.7225,5.021,3.353,2.23,4.989,5.99775,8.08833333333333,7.6355,8.53333333333333,4.4045,7.323,4.2045,2.648,4.867,4.351,7.0555,2.672
168,Naples,Italy,Europe,8.215,5.81,2.0405,0,3.941,4.70575,6.18966666666667,6.3895,7.18633333333333,4.058,1.65625,3.3625,2.4365,5.314,6.045,6.7535,5.359
169,Nashville,United States of America,North America,4.4545,5.742,6.06,3.569,1.908,4.501,8.671,5.078,5.953,4.733,7.0565,6.5145,4.772,6.637,7.02,6.8075,1.2735
170,New Orleans,United States of America,North America,5.339,4.992,4.7365,1.21,1.757,4.6275,8.671,2.088,5.884,4.152,5.674,6.5145,4.346,6.453,7.1985,5.124,1
171,New York,United States of America,North America,1,2.342,10,10,6.675,5.51925,8.671,7.022,6.10533333333333,8.0935,5.23375,6.5145,3.9205,7.0985,10,6.7125,5.7475
172,Nice,France,Europe,6.4985,4.475,3.0975,2.603,6.46,6.051,8.08833333333333,7.234,8.32966666666667,4.4045,6.423,4.2045,2.648,6.472,4.7795,6.4675,5.5265
173,Nicosia,Cyprus,Europe,8.631,6.301,3.407,0,1.606,5.49125,7.43866666666667,8.1025,6.75866666666667,2.475,3.672,2.9955,7.508,2.6545,6.949,7.5055,1.7755
174,Oklahoma City,United States of America,North America,7.261,6.394,4.1375,0,1.399,5.02725,8.671,4.6855,5.97666666666667,3.6245,7.61525,6.5145,4.204,7.689,5.376,6.022,4.129
175,Omaha,United States of America,North America,7.0405,5.994,4.012,0,1.4165,2.12775,8.671,5.552,6.894,4.128,7.876,6.5145,4.204,6.3065,4.942,5.801,4.181
176,Orlando,United States of America,North America,5.7785,5.284,6.5975,2.464,3.7735,4.33875,8.671,4.134,5.96733333333333,3.6245,6.676,6.5145,4.772,4.886,5.9295,5.784,4.493
177,Osaka,Japan,Asia,7.8315,4.819,2.668,2.144,6.2015,5.255,8.41766666666667,10,8.70533333333333,5.5895,5.32675,3.7235,6.033,3.724,7.2265,7.1895,5.1875
178,Oslo,Norway,Europe,3.768,1.038,5.209,3.869,5.177,5.77525,9.63533333333333,7.1065,7.91,5.1445,8.42425,7.0735,4.752,7.9705,5.899,7.03,6.1895
179,Ottawa,Canada,North America,6.7005,6.027,6.055,2.612,1.532,5.40525,8.966,8.4475,8.01133333333333,5.4235,9.29225,5.8405,7.2745,6.2675,6.092,8.6295,5.3185
180,Oulu,Finland,Europe,3.7445,0,2.3135,2.575,2.716,6.04075,9.45066666666667,8.4585,7.70133333333333,5.4545,8.933,3.921,4.8785,5.723,2.006,8.329,5.072
181,Oxford,United Kingdom,Europe,3.65,4.941,4.551,3.843,7.926,5.95825,8.992,8.5685,7.97,6.638,7.55375,5.438,5.9545,6.1545,5.495,8.258,2.629
182,Palo Alto,United States of America,North America,0.5,0,8.2945,9.623,3.1505,2.20275,8.671,7.637,6.515,3.6245,6.7265,6.5145,4.488,7.142,0,8.454,1.75
183,Panama,United States of America,North America,3.153,0,3.559,0,2.002,0,6.20866666666667,6.976,6.59333333333333,0,4.38425,6.0405,6.9475,3.19,5.5565,6.7855,4.8195
184,Paris,France,Europe,3.5835,3.664,9.2765,7.513,10,5.3305,8.08833333333333,6.2465,8.20766666666667,7.085,4.36225,4.2045,2.648,9.716,9.8165,5.579,4.433
185,Perth,Australia,Oceania,5.233,4.795,5.127,3.102,2.1105,4.695,9.39966666666667,7.1045,8.05933333333333,5.143,8.1325,6.0695,4.5885,4.1785,4.5115,7.4705,5.6835
186,Philadelphia,United States of America,North America,4.207,4.422,7.3625,5.216,3.556,4.1315,8.671,3.133,6.48266666666666,6.0285,5.124,6.5145,3.7785,7.443,8.492,5.8645,4.115
187,Phnom Penh,Cambodia,Asia,8.552,8.001,1.4975,0,1.2395,4.68,1,6.684,2.984,0,2.44825,5.38,7.984,3.395,5.407,6.0305,3.433
188,Phoenix,United States of America,North America,6.533,6.208,6.5085,4.558,3.3025,4.8285,8.671,2.583,6.12633333333333,4.591,4.62525,6.5145,4.488,6.178,6.81,5.565,6.7355
189,Phuket,Thailand,Asia,8.823,7.602,2.2445,0,1.8075,4.50425,5.60366666666667,5.7285,6.65366666666667,1.187,3.62425,2.387,6.7945,3.615,4.8135,5.156,4.626
190,Pittsburgh,United States of America,North America,5.9635,4.795,6.5075,3.581,1.738,4.308,8.671,4.791,6.39966666666667,6.5935,6.87425,6.5145,3.7785,8.6695,6.859,7.39,4.0685
191,Portland,United States of America,North America,0,0,3.637,0,1.102,1.97025,8.671,6.3585,5.17466666666667,3.6245,7.6755,6.5145,4.062,3.5465,3.305,8.271,4.978
192,Portland,United States of America,North America,4.138,4.924,6.957,5.899,2.2405,4.908,8.671,5.1805,6.31766666666667,4.2155,8.4595,6.5145,3.9205,5.9685,6.2195,8.1595,6.304
193,Porto,Portugal,Europe,8.1095,7.422,4.313,1.886,3.1115,5.46,8.23866666666667,7.7045,8.16666666666667,4.449,7.03875,3.483,4.1575,4.4945,5.625,9.5735,5.9485
194,Porto Alegre,Brazil,South America,9.221,8.12,2.6705,0,0.9655,5.105,2.781,5.2955,5.56,1.017,4.13975,2.187,2.8525,2.196,7.7035,7.448,4.9225
195,Prague,Czechia,Europe,7.4305,7.569,5.7795,2.302,5.4815,5.8465,6.21266666666667,8.6595,7.881,4.238,7.01425,4.378,5.9335,6.0905,8.4645,8.1985,4.901
196,Providence,United States of America,North America,3.153,0,3.764,1,3.0185,2.422,8.671,6.846,6.515,5.3015,5.9005,6.5145,4.204,8.9345,3.9185,7.49,1.084
197,Quebec,Canada,Europe,8.5175,6.037,3.7345,2.237,1.3815,5.28,8.966,9.1595,8.13133333333333,5.42,7.3155,5.8405,7.2745,3.2985,5.6365,8.622,4.719
198,Quito,Ecuador,South America,9.0165,7.822,2.8575,0,0.89,4.78925,3.02133333333333,6.969,6.40633333333333,0,4.17625,3.8855,7.514,3.4815,4.8015,8.8265,5.5
199,Raleigh,United States of America,North America,6.1285,5.61,5.497,5.157,1.757,4.78425,8.671,6.5225,6.67733333333333,7.1165,8.58375,6.5145,4.062,7.9515,6.613,7.562,3.3905
200,Reykjavik,Iceland,Europe,2.7715,1,3.168,2.875,1.135,5.475,9.36,8.658,8.079,4.057,8.62375,5.283,4.4655,6.742,5.0205,9.565,4.8035
201,Richmond,United States of America,North America,6.4395,5.949,4.2705,2.097,1.38,5.6485,8.671,3.3765,6.48833333333333,3.6245,6.62175,6.5145,4.204,7.6455,6.3385,7.151,1.035
202,Riga,Latvia,Europe,8.933,7.329,4.3505,1.358,2.3725,5.35275,7.36333333333333,7.6255,5.71,4.091,6.966,4.0945,5.929,5.841,7.7065,6.884,5.5265
203,Rio De Janeiro,Brazil,South America,8.32,7.751,4.823,2.414,1.493,4.55325,4.03666666666667,5.2955,4.84966666666667,1.0175,3.32275,2.187,2.8455,2.338,8.6675,5.7715,6.152
204,Riyadh,Saudi Arabia,Asia,8.6965,7.806,3.6915,2.022,2.4605,4.75325,6.104,7.583,6.08566666666667,0.5035,3.35125,7.042,10,4.13,5.8435,2.909,0.5
205,Rochester,United States of America,North America,6.727,5.488,4.3355,1.505,1.398,1.90775,8.671,5.899,6.106,4.495,5.93525,6.5145,3.9205,5.551,5.335,5.9015,4.404
206,Rome,Italy,Europe,5.6025,5.323,4.6745,1.013,6.4335,4.53325,6.18966666666667,6.6045,7.86366666666667,4.157,4.2765,3.3625,2.4365,4.491,9.11,6.2215,6.396
207,Rotterdam,Netherlands,Europe,6.044,4.934,4.4305,2.83,8.1805,5.967,8.83666666666667,8.268,8.329,4.3065,7.08675,5.053,4.955,5.8525,5.4275,8.2805,4.281
208,Saint Petersburg,Russia,Europe,8.3605,8.673,4.9825,0,5.8805,4.626,5.547,7.793,4.952,4.282,4.32425,3.148,6.0445,5.6425,9.6535,4.338,5.385
209,Salt Lake City,United States of America,North America,6.141,6.172,6.3,7.09,2.737,4.574,8.671,5.657,6.24633333333333,4.2805,6.21575,6.5145,4.204,6.8105,5.932,8.6225,6.641
210,San Antonio,United States of America,North America,6.402,6.683,5.356,3.53,1.6815,4.96475,8.671,4.2165,6.307,4.152,6.2015,6.5145,4.772,8.0745,6.6955,6.254,3.4185
211,San Diego,United States of America,North America,2.9335,5.156,8.3505,8.595,2.622,4.40975,8.671,6.933,6.51966666666667,5.4575,7.26725,6.5145,4.488,5.999,8.21,8.5395,6.396
212,San Francisco Bay Area,United States of America,North America,1,2.618,10,10,3.6545,4.68725,8.671,5.7155,6.449,8.6245,6.4815,6.5145,4.488,5.6055,9.407,8.0125,7.014
213,San Jose,United States of America,North America,8.1645,6.728,3.822,0,1.1915,3.83425,5.94966666666667,6.709,7.43266666666667,1.2095,5.25625,4.0815,5.752,1.5155,6.8665,8.9385,2.7855
214,San Juan,United States of America,North America,7.4275,5.98,1.4285,0,1.38,1.142,3.173,5.121,4.36333333333333,0,4.49325,0,4.3965,4.2735,6.8395,3.66,5.3245
215,San Luis Obispo,United States of America,North America,1.7245,0,3.828,3.077,1.134,1.39225,8.671,8.058,5.87133333333333,3.6245,7.392,6.5145,4.488,7.9355,2.7765,9.666,1.5075
216,San Salvador,United States of America,North America,8.8015,7.743,1.67,0,1.0595,4.6855,4.66133333333333,5.4025,5.55866666666667,0,1.00075,2.659,5.5255,1.831,4.8585,6.1275,1.9175
217,Santiago,Chile,South America,8.3815,7.237,6.2305,1,2.5355,5.551,7.765,6.9645,7.066,2.6415,4.528,3.725,8.9295,1,7.556,7.1715,5.5
218,Santo Domingo,United States of America,North America,9.289,8.076,2.2275,0,1.003,4.56525,4.413,5.779,5.026,0.5,2.3805,6.1135,5.768,4.221,5.7965,5.1095,3.4175
219,Sao Paulo,Brazil,South America,8.316,7.823,6.6225,4.253,2.2655,4.412,2.781,5.2955,5.372,1.104,2.6535,2.187,2.8525,3.3895,8.7895,6.8955,7.0775
220,Sarajevo,Bosnia and Herzegovina,Europe,9.6925,8.659,2.584,0,1.207,5.708,2.58033333333333,7.133,6.52566666666667,0,3.666,2.088,9.118,4.6475,5.9345,7.7365,2.8705
221,Saskatoon,Canada,North America,7.1595,5.042,3.1145,0,1.2585,5.8055,8.966,6.638,7.514,5.344,7.758,5.8405,7.2745,4.89,1,7.336,0.5
222,Seattle,United States of America,North America,2.291,3.79,8.367,7.551,2.8845,4.52375,8.671,5.6365,6.30966666666667,5.7145,7.56025,6.5145,4.772,4.9405,8.1155,8.0895,7.2095
223,Seoul,South Korea,Asia,6.1425,3.698,5.2835,4.066,6.156,5.719,8.27933333333333,8.305,8.549,6.8655,6.787,5.561,6.6075,7.637,8.2,4.484,5.776
224,Seville,Spain,Europe,8.0955,6.961,1.1475,0,3.477,5.567,7.11966666666667,8.9295,8.22133333333333,4.2595,7.22075,4.296,3.894,6.1895,7.416,9.265,3.033
225,Shanghai,China,Asia,5.744,7.179,5.7255,9.288,6.862,5.0845,3.89566666666667,7.2085,6.206,5.6995,2.83875,6.103,1.496,2.636,6.6935,2.741,5.7175
226,Singapore,Singapore,Asia,1.745,3.489,9.103,8.697,2.982,5.42725,9.72466666666667,9.9715,7.68266666666667,8.2465,7.95425,7.4785,9.959,8.447,7.4225,6.495,5.834
227,Skopje,Macedonia,Europe,9.7405,9.11,2.994,0,1.678,5.7365,6.88233333333333,7.2795,6.62866666666667,0.5,2.64925,4.1225,9.475,4.5205,6.208,4.2895,3.302
228,Sofia,Bulgaria,Europe,9.306,8.55,4.691,3.155,2.6665,5.622,5.29533333333333,7.5505,5.58666666666667,2.0145,4.99925,3.25,8.7205,6.2725,5.3185,6.7405,4.0565
229,St. Louis,United States of America,North America,6.958,5.504,5.424,3.885,2.5315,5.0855,8.671,3.8805,6.67,5.2715,7.37425,6.5145,4.062,8.909,7.6425,4.376,4.8285
230,Stockholm,Sweden,Europe,4.865,4.36,6.267,6.229,6.2255,5.6855,9.569,6.8865,8.03933333333333,6.6675,8.99175,5.6945,2.7495,7.6135,6.7975,5.7195,4.494
231,Stuttgart,Germany,Europe,6.314,5.673,3.7565,1.936,5.9645,6.2055,9.07233333333333,8.2695,7.85133333333333,5.0505,7.225,5.3735,3.9035,5.124,5.556,7.5335,3.9495
232,Sydney,Australia,Oceania,1.9865,4.128,8.7265,6.427,3.285,4.851,9.39966666666667,7.571,8.03366666666667,6.7255,7.81675,6.0695,4.5885,4.7365,6.2275,7.0325,6.2635
233,Taipei,Taiwan,Asia,7.977,5.644,5.4685,2.781,2.5105,5.6065,8.34166666666667,9.542,5.90533333333333,5.5895,6.23575,6.6355,7.333,5.2315,7.2635,8.0435,5.5885
234,Tallinn,Estonia,Europe,8.3765,6.931,5.356,5.829,1.9705,5.9325,8.12933333333333,9.4255,7.36633333333333,5.355,7.8255,4.185,5.341,5.202,7.0235,7.8385,4.5355
235,Tampa Bay Area,United States of America,North America,5.696,5.253,6.347,3.778,2.9055,1.40075,8.671,4.7065,6.573,4.2805,7.37875,6.5145,4.772,7.195,6.434,5.36,5.497
236,Tampere,Finland,Europe,6.936,4.622,2.606,2.549,2.848,6.3495,9.45066666666667,8.689,8.31633333333333,5.3895,8.922,3.921,4.8785,5.792,4.187,8.2905,4.571
237,Tartu,Estonia,Europe,8.961,7.47,2.778,0,1.414,6.441,8.12933333333333,9.3765,8.395,5.4035,9.416,4.185,5.341,4.3005,4.081,7.483,3.499
238,Tashkent,Uzbekistan,Asia,5,0,1.783,0,2.7375,0,5.17533333333333,8.9045,3.69333333333333,0,6.5555,5.5375,6.0145,1.2425,3.176,6.1705,4.2425
239,Tbilisi,Georgia,Europe,9.4905,9.765,3.1485,0,2.251,5.64425,7.86333333333333,9.506,5.05233333333333,0.8625,3.19675,4.2525,8.055,4.087,4.919,8.1975,5.4775
240,Tehran,Iran,Asia,8.303,9.544,4.3865,0,3.175,3.7995,4.34266666666667,6.793,5.31233333333333,0.51,2.9425,3.9435,4.0525,1.576,6.521,4.2225,5.5
241,Tel Aviv,Israel,Asia,4.91,4.37,7.3265,9.16,3.345,4.99425,6.79,8.0065,8.338,3.7665,6.02675,5.0265,6.9175,2.566,5.3335,5.516,5.4125
242,The Hague,Netherlands,Europe,6.053,4.653,3.864,1.107,8.0005,5.061,8.83666666666667,8.789,8.214,4.3065,8.28375,5.053,4.955,6.5135,5.0145,8.553,4.924
243,Thessaloniki,Greece,Europe,9.3775,6.6,3.25,0,2.2605,5.91375,6.169,7.992,7.509,3.1635,3.33825,3.32,4.1665,2.596,7.689,7.5235,4.665
244,Tokyo,Japan,Asia,5.657,3.431,6.297,3.963,8.1515,6.0075,8.37766666666667,10,8.82633333333333,6.9805,5.95575,3.7235,6.033,4.835,9.342,7.1945,6.5225
245,Toronto,Canada,North America,4.66,5.271,9.981,7.602,4.335,4.683,8.966,7.6935,8.06366666666667,7.6025,7.1775,5.8405,7.2745,4.383,7.826,7.928,5.594
246,Toulouse,France,Europe,7.544,4.552,3.577,2.042,5.1265,5.06775,8.08833333333333,6.967,8.832,4.442,5.07975,4.2045,2.648,4.622,4.137,7.6335,3.304
247,Tunis,Tunisia,Africa,9.968,9.998,2.969,0,2.608,5.6145,6.62166666666667,8.2915,6.29266666666667,0.5,3.27975,3.092,2.599,1.0725,5.7425,4.727,5.3655
248,Turin,Italy,Europe,8.0695,5.612,3.25,0,3.1495,5.60925,6.18966666666667,6.252,8.36766666666667,4.1015,3.8855,3.3625,2.4365,2.369,7.061,5.777,5.705
249,Turku,Finland,Europe,7.534,5.07,1.8795,1.773,3.224,6.7285,9.45066666666667,9.1755,8.71266666666667,5.3475,9.10475,3.921,4.8785,6.6825,5.0975,7.7515,4.5375
250,Uppsala,Sweden,Europe,7.16,5.442,1.4285,0,4.7485,5.975,9.569,7.85,8.15266666666667,5.2045,8.5815,5.6945,2.7495,5.854,3.427,6.9505,3.4665
251,Utrecht,Netherlands,Europe,5.4665,4.604,3.915,1.929,8.0725,5.99025,8.83666666666667,8.631,8.394,5.5915,8.0955,5.053,4.955,6.676,5.373,8.5655,4.6965
252,Valencia,Spain,Europe,8.1355,6.872,1.747,2.583,3.484,5.809,7.11966666666667,7.7865,8.88566666666667,4.266,5.94225,4.296,3.894,9.14,7.078,7.935,6.3315
253,Valletta,Malta,Europe,3.153,0,3.9095,2.148,1.889,0,5.377,8.518,8.107,2.8195,3.77575,5.5395,5.7835,3.2015,5.827,7.563,4.717
254,Vancouver,Canada,North America,4.0805,5.259,8.17,5.842,2.771,4.93675,8.966,7.5695,8.03766666666667,6.889,8.42325,5.8405,7.2745,4.5505,5.717,8.295,7.4
255,Victoria,Canada,North America,5.696,5.703,4.479,2.719,1.4945,5.226,8.966,7.808,7.693,5.3815,9.29475,5.8405,7.2745,6.195,4.523,8.7825,4.3555
256,Vienna,Austria,Europe,6.314,5.111,5.798,3.635,8.0315,6.21325,7.596,8.5965,8.198,4.8545,9.27,4.663,2.666,6.173,8.5215,8.964,5.2945
257,Vilnius,Lithuania,Europe,8.621,7.576,4.223,2.828,2.105,5.92775,7.60033333333333,8.857,6.33066666666667,3.7,8.71775,4.691,6.5925,7.9265,5.1985,7.393,4.106
258,Warsaw,Poland,Europe,7.8695,8.192,6.1215,1.853,3.864,5.203,5.70433333333333,8.6995,6.88166666666667,4.6685,6.389,4.7615,5.097,6,7.3355,4.636,4.961
259,Washington,United States of America,North America,1.2105,3.595,8.774,8.056,4.505,4.457,8.671,2.1915,6.258,5.9685,6.99375,6.5145,4.062,3.8255,10,6.5495,5.0235
260,Wellington,New Zealand,Oceania,5.1345,5.161,2.4715,1.753,0.8525,6.03975,10,8.223,8.07833333333333,4.756,9.60925,5.5055,5.9315,5.1745,4.599,8.116,6.397
261,Winnipeg,Canada,North America,7.5525,5.882,3.7965,0,1.4755,5.1045,8.966,6.0155,7.75566666666667,5.344,5.67475,5.8405,7.2745,4.9025,4.688,6.659,4.243
262,Wroclaw,Poland,Europe,8.452,8.434,3.586,2.386,2.2445,4.95475,5.70433333333333,8.1655,6.78133333333333,4.1615,4.96475,4.7615,5.097,5.7615,4.7495,3.9045,4.085
263,Yerevan,Armenia,Asia,9.6945,9.431,3.9265,0,1.787,5.64925,6.501,8.873,5.102,0,4.4395,3.458,8.055,3.9,4.737,7.3465,7.7765
264,Zagreb,Croatia,Europe,8.91,7.194,4.453,1.775,2.028,4.83,5.72033333333333,8.6575,7.266,3.211,7.3315,2.2365,7.9935,5.0335,4.9945,7.9545,4.809
265,Zurich,Switzerland,Europe,1.473,1,6.2035,3.872,7.7335,5.8395,8.888,9.0665,7.67033333333333,7.2875,8.643,6.552,6.4285,7.2675,4.9655,8.7845,5.401
